店舗名,電話番号,メールアドレス,都道府県,市区町村,番地,建物名,URL,SSL
海鮮個室酒場 伊まり 札幌駅北口店,050-5488-4479,,北海道,札幌市北区,北7条西2-20-1,NCO札幌駅北口ビルB1,https://h554815.gorp.jp/,TRUE
全席個室 湊一や 名古屋太閤通口店,050-2018-8970,,愛知県,名古屋市中村区,椿町15-8,DK名駅西口ビル3F,,FALSE
全席個室 湊一や 日本橋八重洲店,050-2018-8851,,東京都,中央区,日本橋2-3-4,日本橋プラザビル2F,,FALSE
新宿 全席個室居酒屋 AJI彩【弐号館】,050-5494-1931,,東京都,新宿区,歌舞伎町1-17-11,プレーンシティ新宿ビルB1,https://gjxx901.gorp.jp/,TRUE
寿司居酒屋 すなおや 新大阪店,050-5484-8593,,大阪府,大阪市淀川区,西中島7-14-35,,https://k821701.gorp.jp/,TRUE
牛タン×個室居酒屋 舌鼓 蒲田,050-5486-3564,,東京都,大田区,蒲田5-21-13,,https://gj2p304.gorp.jp/,TRUE
博多海鮮 さかな市場,050-5486-0453,,福岡県,福岡市博多区,博多駅前1-15-20,,https://hakatakaisensakanaichiba.gorp.jp/,TRUE
炭火焼鳥専門 個室居酒屋 久保田 浜松町店,050-5492-4618,,東京都,港区,浜松町1-28-13,Daimon ex2 3F,https://ghjm101.gorp.jp/,TRUE
全席個室 じぶんどき 丸の内センタービル店,050-2018-8901,,東京都,千代田区,丸の内1-6-1,丸の内センタービルディングB1,https://gjgu600.gorp.jp/,TRUE
さかな市場 広島総本店,050-5488-6227,,広島県,広島市南区,松原町10-1,フルフォーカスビル4F,https://y017617.gorp.jp/,TRUE
京都祇園 天ぷら圓堂 八坂本店,050-5484-5921,info_yasaka.2015-2016@gion-endo.com,京都府,京都市東山区,八坂通東大路西入ル小松町566,,https://k461300.gorp.jp/,TRUE
全席個室 じぶんどき 横浜店,050-2018-8878,,神奈川県,横浜市西区,南幸2-17-1,相鉄南幸第7ビルB1,,FALSE
全席個室 じぶんどき 有楽町日比谷店,050-2018-8863,,東京都,千代田区,有楽町1-6-8,松井ビル3～4F,,FALSE
海鮮個室酒場 伊まり 狸小路駅前店,050-5492-0716,,北海道,札幌市中央区,南3条西4,J・Boxビル3F,https://h554819.gorp.jp/,TRUE
十徳や 筑紫口店,050-5484-5597,,福岡県,福岡市博多区,博多駅東2-4-26,,https://jyutokuyachikusiguchi.gorp.jp/,TRUE
全席個室 湊一や 名古屋太閤通口店,050-2018-8970,,愛知県,名古屋市中村区,椿町15-8,DK名駅西口ビル3F,,FALSE
全席個室 じぶんどき 新宿東口駅前店,050-2018-8897,,東京都,新宿区,新宿3-36-10,ミラザビル5F,,FALSE
海鮮居酒屋 赤富士,050-5492-7412,,大阪府,吹田市,豊津町9-16,B1,https://ke82700.gorp.jp/,TRUE
全席個室 じぶんどき 大宮東口駅前店,050-2018-8935,,埼玉県,さいたま市大宮区,大門町1-93,大宮大門町ビル5F,,FALSE
全席個室 じぶんどき名古屋太閤通口店,050-2018-8969,,愛知県,名古屋市中村区,椿町15-2,名古屋ミタニビル6F,,FALSE
全席個室 じぶんどき博多筑紫口店,050-2018-8789,,福岡県,福岡市博多区,博多駅中央街6-3,博多中央街ビル8F,,FALSE
全席個室 じぶんどき 品川港南口店,050-2018-8872,,東京都,港区,港南2-5-14,カナーレ品川,,FALSE
個室和食 北新地 曉,050-5485-6730,,大阪府,大阪市北区,曽根崎新地1-3-9,GOTS北新地2F,https://kitashinchiakatsuki.gorp.jp/,TRUE
名古屋コーチン 本格鳥料理 完全個室 秋月 秋葉原店,050-5492-1112,,東京都,千代田区,外神田1-13-1,Akiba1131.bldg6F,https://gb4e214.gorp.jp/,TRUE
全席個室 じぶんどき 秋葉原駅前店,050-2018-8917,,東京都,千代田区,外神田1-18-19,BiTO AKIBA 8F,https://gf2t932.gorp.jp/,TRUE
夢や,050-5485-5910,,埼玉県,草加市,氷川町2148-1,アークプラザ1F,https://yumeya-saitama.gorp.jp/,TRUE
寿司酒場 魚さんじ お初天神店,050-5488-2410,,大阪府,大阪市北区,曽根崎2-7-14,,https://kd3h053.gorp.jp/,TRUE
大衆海鮮 レトロ寿司酒場えびすちゃん 梅田 お初天神店,050-5493-1761,,大阪府,大阪市北区,曽根崎2-13-18,,https://kd3h017.gorp.jp/,TRUE
全席個室 じぶんどき 上野駅前店,050-2018-8924,,東京都,台東区,上野4-10-5,ヒューリック上野公園前ビル3F,,FALSE
大人数宴会個室と鮮魚と地酒新生 元海 登戸本店,050-5488-2033,,神奈川県,川崎市多摩区,登戸3288,,https://ggr6300.gorp.jp/,TRUE
時間無制限食べ飲み放題×肉大衆酒場ドンちゃん 梅田東通り店,06-6809-5628,,大阪府,大阪市北区,堂山町15-11,TKビル1F,https://kd3h037.gorp.jp/,TRUE
個室居酒屋×海鮮炉端焼き 喰海（くうかい） 刈谷駅前店,050-5487-7005,,愛知県,刈谷市,相生町2-30-1,gu-ug dining2F,https://n991806.gorp.jp/,TRUE
全席個室 じぶんどき 仙台駅前店,050-2018-8940,,宮城県,仙台市青葉区,中央1-7-4,宮城商事ビル2F,https://ta9a800.gorp.jp/,TRUE
海鮮個室 寿司酒場 えびすちゃん 三宮店,050-5487-0649,,兵庫県,神戸市中央区,北長狭通2-1-14,玉広ビル7F,https://kd3h052.gorp.jp/,TRUE
全席個室 じぶんどき 京都駅前店,050-2018-8977,,京都府,京都市南区,東九条室町48,J'Sビル6F,https://kepr300.gorp.jp/,TRUE
全席個室 じぶんどき名古屋太閤通口店,050-2018-8969,,愛知県,名古屋市中村区,椿町15-2,名古屋ミタニビル6F,,FALSE
全席個室 じぶんどき なんばセントラルイータリー店,050-2031-2503,,大阪府,大阪市中央区,千日前2-8-17,なんばオリエンタルホテル2F,https://kerv400.gorp.jp/,TRUE
完全個室 天ぷら 海鮮 天海 名駅西口店,050-5485-3788,,愛知県,名古屋市中村区,椿町15-27,名駅太閤通口ビル B1,https://n169626.gorp.jp/,TRUE
鮨 海界,050-5488-3657,,東京都,港区,六本木7-9-6,ヒタチプラザ1F,https://gguj000.gorp.jp/,TRUE
パレスホテル東京 鮨 かねさか,050-5487-2072,,東京都,千代田区,丸の内1-1-1,パレスホテル東京6F,https://gfzv800.gorp.jp/,TRUE
鮨 石橋正和,050-5487-4048,,東京都,中央区,銀座8-5-8,かわばたビル3F,https://gg57100.gorp.jp/,TRUE
鮨処 石ばし,050-5487-9758,,福岡県,福岡市中央区,赤坂1-2-6,パインマンション1F,https://fbkz800.gorp.jp/,TRUE
島津,03-6721-7727,,東京都,港区,白金1-29-13,白金ヴィレッジ1F,https://ghxz500.gorp.jp/,TRUE
熟成鮨 万（よろず）,050-5487-8703,,東京都,渋谷区,東4-6-5,3F,https://gggn600.gorp.jp/,TRUE
メゾンラフィット,050-5486-8472,,福岡県,那珂川市,西畑941,,https://fbdy200.gorp.jp/,TRUE
北新地 鮨 なか川,050-5492-2735,,大阪府,大阪市北区,曽根崎新地1-3-9,GOTS北新地1号館3F,https://kemv700.gorp.jp/,TRUE
すし幸徳,092-531-2311,,福岡県,福岡市中央区,高砂1-22-10,,https://fbmf300.gorp.jp/,TRUE
海味,050-5486-6394,,東京都,港区,南青山3-2-8,三南ビル1F,https://gfbk000.gorp.jp/,TRUE
鮨 真,050-5493-2452,,東京都,港区,西麻布4-18-20,CO-HOUSE1F,https://gd8w000.gorp.jp/,TRUE
鮨 さかい,092-726-6289,,福岡県,福岡市中央区,西中洲3-20,連ラウンドビル2F,https://fbm8600.gorp.jp/,TRUE
